{
  "matrix": [
    [
      558.5710975055949,
      0.0,
      300.99267520723356
    ],
    [
      0.0,
      556.5433344882124,
      252.0076591648269
    ],
    [
      0.0,
      0.0,
      1.0
    ]
  ],
  "distortion": [
    -0.43789921685940875,
    0.2620384642482994,
    -0.000510967072185157,
    0.0010124845041476669,
    -0.1080928027681265
  ],
  "image_size": [
    640,
    480
  ]
}