{
  "manipulator": {
    "forward_m": 0.22207538217834993,
    "lateral_m": 0.00018181102943872865
  }
}
